first_name,last_name,city,student_id,primary_phone_number,shop,year_of_graduation,counselor_id
Clarke,Faulkner,Tupelo,1000,781-416-5409,Computer IT,2014,109
Harper,Phelps,Pittsfield,1001,781-211-3407,Drafting,2014,104
Carissa,Dillard,Carrollton,1002,781-589-9560,Auto Body Collision Repair,2012,107
Stewart,Jenkins,Spokane,1003,781-892-9244,Automotive,2014,102
Duncan,Cannon,Temple City,1004,781-725-5743,Carpentry,2014,105
Isaiah,Gonzalez,Grand Junction,1005,781-896-1048,Cosmetology,2015,102
Eagan,Gibson,Toledo,1006,781-283-6174,Cosmetology,2014,108
Astra,Short,Plymouth,1007,781-869-0982,Precision Machining,2016,101
Flavia,Finley,Pulaski,1008,781-784-7615,Precision Machining,2012,100
Dara,Davis,Everett,1009,781-914-3419,Carpentry,2016,104
Lana,Stephens,Jordan Valley,1010,781-603-8268,Drafting,2014,100
Thane,Duffy,Oak Ridge,1011,781-510-0046,Carpentry,2015,104
Vance,Figueroa,Lakeland,1012,781-374-1006,Drafting,2015,106
Bruce,Livingston,Carson City,1013,781-925-8591,Electronic Engineering Technology,2015,101
Jacob,Rice,Gardena,1014,781-949-0909,Electrical,2012,103
Dieter,Hartman,Nampa,1015,781-117-5804,HVAC,2013,109
Jasper,Powell,Huntsville,1016,781-287-4235,Allied Health,2016,108
Mechelle,Cabrera,Daly City,1017,781-830-3044,Carpentry,2012,100
Julian,Fisher,International Falls,1018,781-912-5344,Computer IT,2015,101
Magee,Lindsey,Bossier City,1019,781-250-7846,Drafting,2016,100
Larissa,Schneider,Murrieta,1020,781-347-8070,Graphic Communications,2015,109
Rhonda,Hewitt,New Castle,1021,781-435-9111,Drafting,2016,100
Cameran,Blackwell,Gallup,1022,781-281-9273,HVAC,2015,106
Uma,Mason,Temecula,1023,781-248-3514,Graphic Communications,2014,109
Jamal,Mcfarland,Littleton,1024,781-720-6897,Culinary Art,2016,105
Gloria,Walsh,Scottsdale,1025,781-846-2919,Carpentry,2013,108
Mary,Peck,Evansville,1026,781-967-3551,Electrical,2015,106
Bethany,Ramsey,Laguna Beach,1027,781-702-3743,Precision Machining,2012,104
Ivory,Velez,Morgantown,1028,781-371-3460,Electronic Engineering Technology,2013,104
Ezekiel,Sheppard,Torrington,1029,781-492-8880,Automotive,2014,102
Wade,Stanton,Manhattan,1030,781-429-6181,Precision Machining,2013,100
Uriel,Clarke,Quincy,1031,781-369-2556,Cosmetology,2014,100
Veda,Carlson,Zanesville,1032,781-149-9563,Automotive,2014,105
Fletcher,Sawyer,Austin,1033,781-720-6306,Automotive,2013,104
Kiona,Crosby,Kettering,1034,781-169-3400,Carpentry,2013,105
Heidi,Reeves,Farrell,1035,781-496-9110,Welding & Metal Fab,2014,103
Dolan,Gross,Fairfield,1036,781-257-6300,Auto Body Collision Repair,2013,108
Maggie,Nunez,Calabasas,1037,781-614-8570,Auto Body Collision Repair,2013,102
Clayton,Goff,Appleton,1038,781-768-3399,Allied Health,2015,102
Perry,Stewart,Baton Rouge,1039,781-413-5433,Graphic Communications,2013,101
Ann,Marshall,Maywood,1040,781-517-2076,Graphic Communications,2013,106
Gillian,Spence,Biddeford,1041,781-712-7772,Carpentry,2014,102
Rudyard,Ewing,Council Bluffs,1042,781-157-4381,Welding & Metal Fab,2012,104
Cara,Barrett,Gallup,1043,781-755-5876,Computer IT,2015,100
Sydney,Hooper,Wheaton,1044,781-353-3661,Cosmetology,2013,106
Yuli,Mullins,Schenectady,1045,781-738-5878,Electrical,2013,107
Tarik,Dawson,Corvallis,1046,781-457-3150,Electronic Engineering Technology,2012,100
Glenna,Battle,Duncan,1047,781-149-9613,Electronic Engineering Technology,2014,102
Amber,Lindsey,Cleveland,1048,781-160-4635,Welding & Metal Fab,2015,104
Quincy,Sanders,Bossier City,1049,781-923-0751,Welding & Metal Fab,2016,100
Josephine,Reynolds,Carson,1050,781-845-6266,HVAC,2014,101
Cadman,Buck,Norton,1051,781-306-7876,Precision Machining,2015,106
Uriah,Wyatt,Bellingham,1052,781-942-1583,Drafting,2015,103
Sloane,Clemons,Methuen,1053,781-991-8928,Culinary Art,2015,101
Colby,Ellison,Vermillion,1054,781-782-5075,Welding & Metal Fab,2015,101
Aretha,Rojas,Green Bay,1055,781-944-1738,Electronic Engineering Technology,2012,109
Hyacinth,Barber,Mentor,1056,781-477-4503,Welding & Metal Fab,2013,108
Eleanor,Simpson,Fredericksburg,1057,781-391-7071,Automotive,2014,104
Gary,Lewis,Westlake Village,1058,781-987-2706,Automotive,2016,106
Ava,Webster,Harrisburg,1059,781-558-7077,Auto Body Collision Repair,2012,106
Chiquita,Walton,Paterson,1060,781-382-3867,Electrical,2012,100
Dennis,Rollins,Manassas Park,1061,781-781-9781,Electrical,2012,105
Leonard,Irwin,Meriden,1062,781-855-1318,Welding & Metal Fab,2016,104
Hector,Hampton,Lomita,1063,781-150-6954,Computer IT,2015,103
Violet,Knowles,Tempe,1064,781-142-4874,Welding & Metal Fab,2013,106
Allistair,Stokes,Nevada City,1065,781-859-7087,Electronic Engineering Technology,2014,103
Amena,Gallegos,Sonoma,1066,781-964-0508,Auto Body Collision Repair,2013,108
Damon,Ford,West Springfield,1067,781-482-4114,Automotive,2013,106
Hammett,Bridges,Owensboro,1068,781-444-6730,Automotive,2016,107
Mason,Garza,Scranton,1069,781-874-2806,Cosmetology,2015,102
Haviva,Swanson,Asheville,1070,781-577-1050,Allied Health,2012,102
Jocelyn,Greene,Wilson,1071,781-212-5020,Drafting,2012,107
Patricia,Hurley,Canandaigua,1072,781-143-5836,Auto Body Collision Repair,2015,102
Benjamin,Booth,Pembroke Pines,1073,781-113-7558,Electrical,2013,108
Zephania,Jensen,Holyoke,1074,781-905-0121,Allied Health,2016,103
Gay,Jimenez,Pottsville,1075,781-874-8288,Electrical,2014,109
Deacon,Potter,Williamsport,1076,781-863-1100,Carpentry,2016,107
Hamilton,Johnston,Hanahan,1077,781-901-1719,Allied Health,2013,103
Yvonne,Stanton,Winooski,1078,781-786-0309,Precision Machining,2014,101
Calista,Simpson,Sedalia,1079,781-211-1008,Computer IT,2012,103
Anika,Lawson,Myrtle Beach,1080,781-697-7759,Welding & Metal Fab,2012,101
Serina,Justice,Fort Collins,1081,781-866-8124,Cosmetology,2015,103
Grant,Vasquez,Edmond,1082,781-713-5563,Drafting,2015,104
Thomas,Ramos,Reading,1083,781-440-7324,Drafting,2016,103
Keely,Brewer,Lynn,1084,781-779-6470,Welding & Metal Fab,2014,101
Lilah,Rose,Mandan,1085,781-768-2749,Graphic Communications,2014,108
Dexter,Hodge,Eureka,1086,781-204-8895,Precision Machining,2014,104
Colt,Frye,Worland,1087,781-877-0202,Culinary Art,2012,108
Piper,Schmidt,Sharon,1088,781-132-2620,HVAC,2012,106
acqueline,Mcclain,Vancouver,1089,781-376-0550,Automotive,2013,103
Fleur,Cox,Kearns,1090,781-720-6899,Computer IT,2016,100
Wanda,Tran,Santa Barbara,1091,781-421-7453,Auto Body Collision Repair,2013,101
Petra,Franks,Perth Amboy,1092,781-226-0144,Carpentry,2014,106
Travis,Allison,Los Alamitos,1093,781-236-9630,Electrical,2016,100
Kermit,Goodman,Nenana,1094,781-291-0972,Culinary Art,2013,109
Zeph,Lyons,Dover,1095,781-252-7988,Allied Health,2014,100
Austin,Sawyer,Chicago,1096,781-610-6627,Precision Machining,2012,107
Berk,York,Durant,1097,781-253-2348,HVAC,2016,103
Inez,Barrera,Nashville,1098,781-422-4246,Auto Body Collision Repair,2016,102
Amelia,Mathews,Fort Wayne,1099,781-655-0514,Allied Health,2016,106
Malachi,Jarvis,Batavia,1100,781-142-1967,Carpentry,2014,105
Mariam,Long,Sister Bay,1101,781-334-9840,Graphic Communications,2015,104
Merrill,Klein,Holyoke,1102,781-409-9573,Computer IT,2013,100
Wilma,Davidson,Blacksburg,1103,781-795-3497,HVAC,2015,100
Channing,Johnson,Cypress,1104,781-372-2939,Culinary Art,2016,101
Quamar,Clemons,Revere,1105,781-697-8390,Carpentry,2014,105
Kato,Mitchell,Hopkinsville,1106,781-545-2638,Allied Health,2015,100
Abel,Parks,North Pole,1107,781-521-0855,Drafting,2014,102
Serina,Ward,Muskegon,1108,781-365-2317,Cosmetology,2016,103
Neve,Harding,Mayaguez,1109,781-388-1733,Carpentry,2014,100
Haley,Williams,Syracuse,1110,781-692-3375,Welding & Metal Fab,2014,104
Leo,Townsend,Biddeford,1111,781-330-6382,Graphic Communications,2013,106
Kellie,Guzman,Port Huron,1112,781-381-8710,Computer IT,2014,104
Barclay,Baker,Fullerton,1113,781-439-8761,Auto Body Collision Repair,2014,100
Davis,Mcgowan,Newark,1114,781-510-6239,Carpentry,2015,106
Xandra,Walter,Corona,1115,781-842-0085,Culinary Art,2012,108
Neve,Mcmillan,Pittsburgh,1116,781-633-5253,Computer IT,2013,101
Maggie,Patton,Bartlesville,1117,781-978-6352,Welding & Metal Fab,2013,108
Gloria,Wooten,Albuquerque,1118,781-621-2922,Electrical,2016,100
Keiko,Navarro,Norwalk,1119,781-684-9846,Auto Body Collision Repair,2012,101
Kelsey,Valdez,Johnson City,1120,781-884-3509,Computer IT,2013,105
Joelle,Velez,Murray,1121,781-397-8916,Allied Health,2015,100
Yasir,Ballard,Monrovia,1122,781-530-9362,Electrical,2016,108
Wade,Wooten,Grand Forks,1123,781-463-3697,Drafting,2015,105
Brandon,Logan,Gary,1124,781-141-0443,Allied Health,2014,101
Libby,Dean,Sugar Land,1125,781-494-5576,Electronic Engineering Technology,2015,104
Alvin,Conley,Lancaster,1126,781-775-3048,Automotive,2016,105
Montana,Pratt,Paramount,1127,781-640-6654,Allied Health,2014,107
Jonah,David,Huntington Park,1128,781-908-6852,Cosmetology,2013,109
Beverly,Guthrie,Steubenville,1129,781-685-1090,Welding & Metal Fab,2013,106
Aphrodite,Douglas,Kenosha,1130,781-253-2919,Automotive,2016,108
Ezekiel,Wise,Champaign,1131,781-737-7619,Electronic Engineering Technology,2014,100
Stacy,Hopper,Staunton,1132,781-126-4270,Electrical,2013,101
Elton,Gray,Hutchinson,1133,781-294-0331,Automotive,2013,100
Timothy,Carney,Calabasas,1134,781-443-6778,HVAC,2014,105
Charity,Lambert,Oneonta,1135,781-577-4988,Electronic Engineering Technology,2016,107
Igor,Chang,San Diego,1136,781-763-9194,Auto Body Collision Repair,2015,108
Callum,Daniel,Ada,1137,781-816-2340,Cosmetology,2015,101
Jerry,Hayes,Rocky Mount,1138,781-705-8356,Graphic Communications,2015,106
Brian,Price,Livonia,1139,781-356-7944,Precision Machining,2012,109
Larissa,Gross,Cary,1140,781-706-8811,Welding & Metal Fab,2015,104
Addison,Frazier,Fayetteville,1141,781-541-1728,Auto Body Collision Repair,2015,106
Alvin,Lopez,Birmingham,1142,781-424-3579,Allied Health,2013,102
Lysandra,Nelson,Duarte,1143,781-238-1895,Auto Body Collision Repair,2013,104
Jackson,Ochoa,Sun Valley,1144,781-800-4635,HVAC,2015,100
Summer,Benjamin,Racine,1145,781-141-4102,Computer IT,2012,102
Destiny,Sellers,Fallon,1146,781-662-5695,Drafting,2012,100
Leigh,Randolph,Carbondale,1147,781-284-4760,Auto Body Collision Repair,2013,103
Alexis,Sanchez,Kankakee,1148,781-194-5657,Electrical,2013,102
Cooper,Hopkins,Monroe,1149,781-168-0430,HVAC,2015,108
Cheyenne,Carlson,Salinas,1150,781-959-2952,Allied Health,2013,101
Edward,Higgins,West Bend,1151,781-816-0240,Automotive,2015,103
Risa,Navarro,Somersworth,1152,781-299-4482,Allied Health,2016,100
Gwendolyn,Beard,Chula Vista,1153,781-575-3434,Computer IT,2013,104
Baxter,Richard,Little Rock,1154,781-864-2757,Electrical,2015,101
Nomlanga,Irwin,West Springfield,1155,781-573-5584,Drafting,2012,105
Rhonda,Bauer,Charleston,1156,781-472-0125,HVAC,2015,101
Burke,Benjamin,DuBois,1157,781-727-5299,Graphic Communications,2013,102
Nina,Zimmerman,Torrington,1158,781-660-7734,Auto Body Collision Repair,2015,100
Tyrone,Chandler,Carbondale,1159,781-144-8433,Drafting,2016,105
Fuller,Knight,Valdosta,1160,781-719-6317,Cosmetology,2014,102
Tucker,French,Reedsport,1161,781-922-3719,Carpentry,2015,109
Tasha,Lewis,Kent,1162,781-916-8447,Automotive,2015,109
Mariam,Davidson,Placentia,1163,781-395-1490,Auto Body Collision Repair,2013,105
Oscar,Dorsey,McAlester,1164,781-294-7110,Computer IT,2012,106
Ruth,Hubbard,Ketchikan,1165,781-269-8959,Culinary Art,2016,107
Yen,Coleman,Manitowoc,1166,781-721-5666,Electrical,2016,102
Charlotte,Haley,Overland Park,1167,781-113-0387,Drafting,2013,105
Idona,Hickman,North Adams,1168,781-838-0751,Graphic Communications,2014,109
Quon,Rosario,Bakersfield,1169,781-905-3512,Computer IT,2016,106
Melyssa,Dickson,Valencia,1170,781-578-2581,Auto Body Collision Repair,2015,109
Maia,Swanson,East St. Louis,1171,781-278-8082,Graphic Communications,2012,100
Naomi,Ellison,Fulton,1172,781-691-2844,Graphic Communications,2012,100
Zena,Leach,Waterbury,1173,781-258-8824,Auto Body Collision Repair,2012,100
Eleanor,Delacruz,Santa Ana,1174,781-237-1872,Electronic Engineering Technology,2012,100
Adara,Hurley,Turlock,1175,781-549-7778,Welding & Metal Fab,2016,102
Graiden,Workman,Rock Springs,1176,781-417-3668,Welding & Metal Fab,2016,100
MacKenzie,Pate,Watertown,1177,781-361-6690,Drafting,2016,109
Zane,Wheeler,Mesa,1178,781-195-6659,Auto Body Collision Repair,2013,100
Colin,Herrera,Kansas City,1179,781-522-4284,Welding & Metal Fab,2015,100
Audra,Cote,Del Rio,1180,781-853-1975,HVAC,2016,102
Phyllis,Gates,Hamilton,1181,781-693-6165,Cosmetology,2016,104
Noble,Carney,Brunswick,1182,781-413-1477,Cosmetology,2012,101
Jolene,Melendez,Valdez,1183,781-643-3647,HVAC,2012,107
Nichole,Lynch,Midwest City,1184,781-767-2268,Drafting,2014,106
Charles,Boone,Niagara Falls,1185,781-823-5882,Carpentry,2016,105
Abel,Phelps,Asbury Park,1186,781-936-1329,Electrical,2014,101
Kyra,Barker,Pueblo,1187,781-392-2622,Culinary Art,2013,106
Zachary,Hyde,Carson,1188,781-982-4997,Welding & Metal Fab,2013,105
Demetrius,Hawkins,Webster Groves,1189,781-765-6065,Auto Body Collision Repair,2012,107
Harlan,Le,Lakeland,1190,781-270-3190,Cosmetology,2013,109
Murphy,Watts,Waco,1191,781-395-7408,Cosmetology,2016,107
Kay,Alvarado,Port Washington,1192,781-935-6259,Allied Health,2015,101
Katell,Lara,Lawrence,1193,781-341-8488,Auto Body Collision Repair,2014,105
Dustin,Osborne,Myrtle Beach,1194,781-847-3026,Carpentry,2015,106
Phoebe,Vega,Fulton,1195,781-738-9047,Precision Machining,2015,104
Wynne,Garner,Saukville,1196,781-703-5971,HVAC,2013,100
Courtney,Frank,Lynn,1197,781-699-5373,Culinary Art,2014,100
Hu,Barton,San Angelo,1198,781-837-0626,Electrical,2013,107
Elijah,Riley,Sandy,1199,781-328-6364,Electrical,2016,105
Tobias,Vasquez,West Jordan,1200,781-236-4047,Carpentry,2016,100
Mechelle,Mendoza,Biloxi,1201,781-955-8450,Precision Machining,2013,108
Amela,Fowler,Jeannette,1202,781-714-4753,Carpentry,2013,105
Linda,Fields,Tok,1203,781-957-9817,HVAC,2015,106
Pamela,Chapman,Lockport,1204,781-459-9889,Automotive,2016,109
Uriah,Serrano,Redlands,1205,781-353-9783,Cosmetology,2013,106
Brittany,Stevens,San Rafael,1206,781-376-1544,Auto Body Collision Repair,2013,108
Jarrod,Graves,Mount Pleasant,1207,781-561-6599,Auto Body Collision Repair,2015,100
Heather,Sampson,Logan,1208,781-112-5580,Automotive,2014,102
Yuli,Schmidt,Waukegan,1209,781-259-5346,Automotive,2013,104
Carson,Talley,Pembroke Pines,1210,781-238-1182,Carpentry,2016,100
Aspen,Kent,Pascagoula,1211,781-361-4586,Allied Health,2013,100
Garrett,Morris,Sutter Creek,1212,781-458-4056,Welding & Metal Fab,2016,104
Gage,Greene,Saint Cloud,1213,781-967-3256,Allied Health,2013,100
Serena,Yates,Madison,1214,781-299-5374,Precision Machining,2012,100
Prescott,Finch,Las Cruces,1215,781-254-9591,Allied Health,2015,100
Abbot,Dyer,Catskill,1216,781-741-4765,Graphic Communications,2016,106
Willa,Bentley,Athens,1217,781-989-9016,Graphic Communications,2016,105
Alika,Morse,Bridgeport,1218,781-147-9579,Precision Machining,2016,107
Aiko,Ward,Riverton,1219,781-892-8538,HVAC,2014,100
Jared,James,Jersey City,1220,781-141-1389,Culinary Art,2016,100
Sandra,Ferrell,Gettysburg,1221,781-273-6277,Cosmetology,2016,107
Keefe,French,Waco,1222,781-929-7429,Drafting,2012,104
Lucian,Key,Monrovia,1223,781-642-1711,Electronic Engineering Technology,2015,100
Laurel,Travis,Savannah,1224,781-192-6483,Computer IT,2015,100
Cara,Cannon,Ponce,1225,781-696-1841,Cosmetology,2016,108
Rafael,Norton,El Segundo,1226,781-732-8594,Welding & Metal Fab,2015,103
Isaiah,Hamilton,Nacogdoches,1227,781-134-8065,Electrical,2016,107
Willow,Buck,Hot Springs,1228,781-577-9139,Graphic Communications,2014,108
Wyoming,Pierce,Sturgis,1229,781-665-5890,Drafting,2014,108
Sophia,Morrow,Dixon,1230,781-200-1787,HVAC,2016,101
Raymond,Carney,Costa Mesa,1231,781-769-5327,Drafting,2016,100
Jordan,Blackburn,Enfield,1232,781-493-1158,Electrical,2015,100
Jamalia,Miranda,Mankato,1233,781-364-8672,Welding & Metal Fab,2012,100
Blythe,Cotton,West Palm Beach,1234,781-699-0543,HVAC,2015,109
Lynn,Rosa,Roseville,1235,781-988-0076,HVAC,2015,105
Connor,Callahan,Myrtle Beach,1236,781-184-6626,Allied Health,2012,103
Ciara,Tyler,Waukegan,1237,781-254-3604,Carpentry,2012,109
Zahir,Yates,Thousand Oaks,1238,781-701-9910,Computer IT,2014,103
Chloe,Aguirre,Calumet City,1239,781-219-1188,Welding & Metal Fab,2013,102
Molly,Blackwell,Auburn,1240,781-553-7548,Auto Body Collision Repair,2013,105
Mercedes,Martinez,Ocean City,1241,781-398-9984,Electrical,2016,101
Rachel,Gilbert,Idaho Falls,1242,781-659-2155,HVAC,2014,102
Uriel,Albert,Tallahassee,1243,781-580-3148,Auto Body Collision Repair,2013,105
Dorothy,Logan,Salisbury,1244,781-609-5080,Drafting,2016,104
Reece,Little,Phenix City,1245,781-472-7203,Culinary Art,2015,100
Wesley,Figueroa,Colorado Springs,1246,781-715-4729,HVAC,2012,102
Deirdre,Briggs,Seal Beach,1247,781-588-4001,Precision Machining,2014,100
Todd,Rocha,San Luis Obispo,1248,781-789-0985,Culinary Art,2015,102
Simone,Newton,Fernley,1249,781-312-1809,Cosmetology,2015,100
Kylan,Washington,Beverly,1250,781-262-0352,Cosmetology,2013,101
Jemima,Love,Liberal,1251,781-914-4156,Auto Body Collision Repair,2012,100
Otto,Santos,Oro Valley,1252,781-907-3622,Cosmetology,2016,103
Ima,Bradley,Woodward,1253,781-419-1950,Automotive,2016,100
Cody,Martinez,Thomasville,1254,781-752-1515,Cosmetology,2012,105
Kylee,Rodgers,Hawaiian Gardens,1255,781-862-0217,Drafting,2014,102
Carlos,Colon,Durham,1256,781-227-7016,Automotive,2013,101
Bianca,Patrick,Bethlehem,1257,781-723-9351,HVAC,2014,101
Hakeem,Barrett,Worcester,1258,781-630-7014,Automotive,2015,102
Tasha,Crane,Utica,1259,781-260-5791,Precision Machining,2013,108
Daniel,Benson,Redlands,1260,781-779-5087,Drafting,2016,103
Rhea,Reed,New Castle,1261,781-193-2019,Automotive,2015,100
Sloane,Stein,Manchester,1262,781-788-5545,Computer IT,2015,100
Lilah,Huffman,Roswell,1263,781-917-8925,Graphic Communications,2013,105
Amity,Dunn,Baldwin Park,1264,781-700-3482,Allied Health,2016,106
Candice,Cross,Rosemead,1265,781-152-0738,Drafting,2014,108
Lee,Wise,West Bend,1266,781-385-4034,Auto Body Collision Repair,2012,104
Raphael,Odom,Monongahela,1267,781-613-1124,Electronic Engineering Technology,2016,106
Sawyer,Davenport,Kearns,1268,781-238-9045,Computer IT,2015,102
Emi,Foley,Eugene,1269,781-618-4326,Culinary Art,2013,102
Baxter,Hess,Newburgh,1270,781-318-5402,Welding & Metal Fab,2013,101
Katell,Rodriguez,Fargo,1271,781-215-2515,Welding & Metal Fab,2014,103
Josephine,Griffith,Kettering,1272,781-765-2484,Computer IT,2014,105
Ingrid,Montoya,Santa Fe Springs,1273,781-600-1458,Electrical,2014,107
Jessica,Aguilar,Compton,1274,781-356-7153,Electrical,2015,102
Alisa,Malone,Morgantown,1275,781-402-8042,Auto Body Collision Repair,2014,106
Quemby,Sawyer,Mount Vernon,1276,781-447-4038,Precision Machining,2012,100
Noble,Gonzalez,Boulder City,1277,781-196-8722,Graphic Communications,2013,109
Aidan,Black,Areceibo,1278,781-209-8409,Welding & Metal Fab,2015,102
Yvette,Roy,Diamond Bar,1279,781-701-7119,HVAC,2013,102
Alden,Simpson,Evanston,1280,781-754-7375,HVAC,2013,103
Mechelle,Gregory,Steubenville,1281,781-250-1439,Drafting,2013,109
Kyra,Olson,Murrieta,1282,781-199-7378,Electronic Engineering Technology,2016,104
Murphy,Dominguez,Danbury,1283,781-860-3364,Electronic Engineering Technology,2013,107
Wylie,Tillman,Murrieta,1284,781-480-0028,Graphic Communications,2016,108
Joseph,Downs,Salisbury,1285,781-854-7401,HVAC,2012,104
Jackson,Rowe,Cary,1286,781-978-4962,Computer IT,2013,104
Zephr,Townsend,Bremerton,1287,781-595-9769,Automotive,2016,102
Cassady,Palmer,La Jolla,1288,781-108-0994,Graphic Communications,2014,102
Jescie,Benjamin,Brown Deer,1289,781-803-0770,Allied Health,2012,101
Patricia,Adams,Monterey Park,1290,781-247-6495,Precision Machining,2013,104
Nehru,Mcpherson,Santa Barbara,1291,781-969-7659,Electronic Engineering Technology,2012,102
Dominic,Galloway,Parkersburg,1292,781-761-4294,Welding & Metal Fab,2013,105
Imelda,Perkins,Warner Robins,1293,781-872-1188,Automotive,2015,105
Beau,Mercer,Corinth,1294,781-296-6664,Auto Body Collision Repair,2014,103
Rylee,Levine,Calumet City,1295,781-835-9971,Auto Body Collision Repair,2013,100
Bradley,Whitehead,Louisville,1296,781-537-2991,Computer IT,2015,100
Martha,Harvey,Highland Park,1297,781-474-4699,Electrical,2013,107
Marah,Bishop,Villa Park,1298,781-880-5249,Precision Machining,2013,104
Cameran,Snow,Beacon,1299,781-407-0169,Graphic Communications,2013,107
Demetrius,Levine,Minneapolis,1300,781-299-2706,Allied Health,2012,102
Dylan,Walls,Escondido,1301,781-829-1742,Auto Body Collision Repair,2016,106
Leroy,Barton,Agawam,1302,781-121-2141,Culinary Art,2016,100
Blossom,Miranda,Laguna Hills,1303,781-540-0400,Automotive,2013,102
Remedios,Ayers,Hartland,1304,781-593-6681,Automotive,2016,100
Vincent,Thompson,Davis,1305,781-414-1186,Electronic Engineering Technology,2016,106
Robin,Rivas,Port Huron,1306,781-376-1685,Culinary Art,2013,108
Duncan,Bowen,Pendleton,1307,781-902-7790,Graphic Communications,2014,104
Adele,Sanford,Missoula,1308,781-813-1101,Electrical,2013,102
Galvin,Donovan,Wichita Falls,1309,781-464-3492,Automotive,2015,103
Baxter,Burton,Cambridge,1310,781-633-9532,Welding & Metal Fab,2012,101
Aline,Wilson,Hartland,1311,781-576-6881,Culinary Art,2016,102
Baxter,Gonzales,Worcester,1312,781-241-1346,Culinary Art,2016,100
Piper,Rhodes,Vallejo,1313,781-871-8010,Cosmetology,2012,103
Craig,Pena,Easton,1314,781-352-9317,Precision Machining,2013,100
Jelani,Day,Newburyport,1315,781-739-9011,Allied Health,2016,101
Alexis,Green,Ventura,1316,781-568-9946,Carpentry,2014,105
Nicole,Robertson,Rutland,1317,781-379-3188,Electrical,2012,106
Mariko,Pearson,Las Cruces,1318,781-319-0973,Allied Health,2012,106
Eagan,Dudley,Fallon,1319,781-239-8131,Graphic Communications,2014,108
McKenzie,Wood,Hattiesburg,1320,781-809-1323,Computer IT,2015,101
Brady,Williamson,Palos Verdes Estates,1321,781-544-1489,Precision Machining,2014,103
Tyrone,Long,Fairfield,1322,781-323-3208,Welding & Metal Fab,2013,100
Maggie,Warren,Slidell,1323,781-251-0043,Electronic Engineering Technology,2016,106
Salvador,Whitehead,Bay St. Louis,1324,781-120-6198,Computer IT,2015,100
Frances,Glass,Newton,1325,781-512-3134,Drafting,2012,100
Melissa,Hampton,Mayaguez,1326,781-596-8323,Allied Health,2015,100
Shaine,Mcfadden,Wisconsin Dells,1327,781-970-5150,Electronic Engineering Technology,2016,105
Gage,Ford,New Kensington,1328,781-205-0659,Graphic Communications,2014,100
Raymond,Everett,Frederick,1329,781-518-8440,Allied Health,2013,107
Valentine,Watkins,Natchez,1330,781-156-8793,Auto Body Collision Repair,2015,109
Oprah,Puckett,Wheaton,1331,781-506-4924,Allied Health,2016,104
Kirsten,Moon,Riverton,1332,781-235-8054,Culinary Art,2016,103
Odessa,Nielsen,Hudson,1333,781-368-7259,Welding & Metal Fab,2016,102
Eleanor,Blackburn,Murrieta,1334,781-498-1523,HVAC,2014,103
Evan,Barry,Sonoma,1335,781-780-0963,Computer IT,2014,100
Bruce,Burris,Council Bluffs,1336,781-675-9736,Welding & Metal Fab,2013,104
Veronica,Velazquez,Lander,1337,781-344-4560,Welding & Metal Fab,2015,109
Nadine,Chambers,Gaithersburg,1338,781-447-3426,Precision Machining,2013,100
Lara,Hodges,Hawaiian Gardens,1339,781-312-9353,Auto Body Collision Repair,2013,106
Nathaniel,Hodge,Garden Grove,1340,781-173-5178,Electrical,2015,105
Carissa,Flores,Woodruff,1341,781-245-8989,Computer IT,2014,104
Uma,Adkins,Newark,1342,781-661-8910,Precision Machining,2015,100
Mark,Hebert,Las Vegas,1343,781-899-7954,Computer IT,2016,104
Hiram,Pacheco,Birmingham,1344,781-340-9958,Welding & Metal Fab,2012,109
Paul,Bullock,Vacaville,1345,781-403-7730,Precision Machining,2012,108
Dolan,Morrow,Henderson,1346,781-562-2715,Drafting,2015,106
Kimberly,Conway,Worland,1347,781-737-0914,Carpentry,2012,102
Garrison,Harper,High Point,1348,781-219-6394,Culinary Art,2015,104
Rama,Holder,Grand Forks,1349,781-355-6997,Graphic Communications,2014,109
Priscilla,Burgess,San Francisco,1350,781-772-5158,Precision Machining,2013,109
Sean,Mullins,Christiansted,1351,781-810-6283,Computer IT,2012,101
Davis,Taylor,Orlando,1352,781-425-2970,Auto Body Collision Repair,2013,100
Natalie,Dillon,Hickory,1353,781-824-1114,Carpentry,2015,105
Brielle,Blevins,Duquesne,1354,781-332-0558,Electrical,2015,104
Miriam,Marquez,Wichita,1355,781-524-5279,Graphic Communications,2015,105
Desirae,Chandler,Marshall,1356,781-489-0394,Culinary Art,2012,106
Tyler,Witt,Vineland,1357,781-474-6900,Drafting,2015,106
Tashya,Cotton,Grafton,1358,781-739-6380,Graphic Communications,2015,101
Breanna,Donaldson,Rock Island,1359,781-383-1068,HVAC,2014,100
Ishmael,Snyder,Lawrence,1360,781-955-0833,Carpentry,2013,109
Reece,Langley,Ypsilanti,1361,781-400-8958,Cosmetology,2014,100
Sophia,Alvarez,La Puente,1362,781-733-5839,Carpentry,2015,105
Demetrius,Casey,Nanticoke,1363,781-265-0607,Cosmetology,2016,103
Lydia,Ewing,Boulder,1364,781-286-4025,Precision Machining,2016,100
Sierra,Oneill,Rochester,1365,781-850-4716,Drafting,2016,102
Olivia,Morrison,Canandaigua,1366,781-941-7186,Allied Health,2015,107
Deborah,Ellison,Fairfax,1367,781-604-3762,Drafting,2015,103
Leandra,James,San Juan Capistrano,1368,781-915-1378,Cosmetology,2016,108
Fallon,Padilla,Fond du Lac,1369,781-136-5745,Automotive,2014,105
Abdul,Warren,Middletown,1370,781-893-1661,Carpentry,2013,101
Kaden,Copeland,Corpus Christi,1371,781-776-7725,Welding & Metal Fab,2016,106
Gay,Coleman,Batavia,1372,781-941-4632,Electronic Engineering Technology,2016,105
Darryl,Carpenter,Cedarburg,1373,781-707-0280,Allied Health,2015,105
Brody,Ball,Miami Gardens,1374,781-580-7014,Electrical,2014,104
Galvin,Hahn,Raleigh,1375,781-312-4189,Precision Machining,2014,102
Shay,Mathews,Troy,1376,781-113-4507,Electrical,2012,105
Megan,Rosales,Peabody,1377,781-228-9870,Carpentry,2015,103
Skyler,Singleton,Danville,1378,781-197-7748,Precision Machining,2016,101
Gavin,Mcconnell,Parker,1379,781-230-0121,Drafting,2016,108
Kieran,Forbes,Kenner,1380,781-915-2724,Electronic Engineering Technology,2014,106
Liberty,Fitzgerald,Wichita Falls,1381,781-927-4513,Culinary Art,2013,108
Jillian,Bartlett,Vail,1382,781-555-1840,Electrical,2014,103
Dean,Craft,New Castle,1383,781-544-9434,Computer IT,2013,105
Ralph,Hendrix,Butler,1384,781-284-4009,Precision Machining,2014,107
Julie,Knight,Pembroke Pines,1385,781-571-2124,Electrical,2014,101
Gareth,Kent,Racine,1386,781-294-7511,Graphic Communications,2013,101
Ivor,Ferrell,Davis,1387,781-983-2304,Drafting,2016,103
Cailin,Barrett,San Francisco,1388,781-139-5614,Drafting,2015,105
Jonas,Dunlap,Coos Bay,1389,781-315-3234,HVAC,2014,108
Quentin,Bowers,Lawndale,1390,781-870-3025,Drafting,2014,101
Knox,Walton,Macomb,1391,781-332-0479,Precision Machining,2012,107
Brittany,Vang,New Albany,1392,781-247-6429,Computer IT,2016,109
Renee,Preston,Beloit,1393,781-697-7839,Allied Health,2013,108
Noble,Hartman,St. Petersburg,1394,781-727-4071,Auto Body Collision Repair,2013,106
Dakota,Knapp,Christiansted,1395,781-489-0187,Computer IT,2015,105
Fallon,Campos,Lodi,1396,781-841-0923,Automotive,2015,100
Kirk,Larsen,Columbus,1397,781-927-2420,Drafting,2014,106
Ray,Guerra,Irving,1398,781-115-6665,Carpentry,2013,103
Aidan,Cummings,Lower Burrell,1399,781-961-6058,Automotive,2015,108
Gabriel,Delacruz,Council Bluffs,1400,781-855-8707,Automotive,2015,108
Ifeoma,Hobbs,McAlester,1401,781-713-0359,Culinary Art,2016,101
Tate,Hays,Woodward,1402,781-207-6423,Electronic Engineering Technology,2015,100
Kiona,Rutledge,Ketchikan,1403,781-966-8060,Auto Body Collision Repair,2014,101
Sandra,Roberts,Asheville,1404,781-740-2251,Cosmetology,2016,100
Hasad,Bell,West Hollywood,1405,781-640-3210,HVAC,2015,101
Christian,Gallagher,Saint Albans,1406,781-418-7182,Drafting,2015,100
Sybil,Gutierrez,Lakewood,1407,781-206-4337,Computer IT,2013,102
Ramona,Byers,Port Arthur,1408,781-697-4216,Auto Body Collision Repair,2014,104
Karyn,Horton,Manhattan Beach,1409,781-567-3748,Welding & Metal Fab,2015,100
Whoopi,Cote,Atlanta,1410,781-264-6192,HVAC,2015,108
Griffith,Wise,Moultrie,1411,781-566-4965,Allied Health,2012,102
Frances,Owens,West Haven,1412,781-737-1335,Drafting,2014,104
Kylynn,Hyde,Spartanburg,1413,781-750-0208,Cosmetology,2014,100
Quinlan,Frost,Jordan Valley,1414,781-498-9366,Automotive,2015,106
Austin,Floyd,Richmond,1415,781-678-4028,Culinary Art,2016,101
Hollee,Haney,Cleveland,1416,781-497-5251,Electronic Engineering Technology,2016,107
Harlan,Dickerson,Idaho Springs,1417,781-805-2476,Electronic Engineering Technology,2014,105
Jermaine,Wooten,Boise,1418,781-398-6125,Allied Health,2014,100
Hashim,Francis,Jersey City,1419,781-489-8801,Cosmetology,2014,103
Maya,Mccarthy,Idaho Springs,1420,781-294-5289,Welding & Metal Fab,2015,102
Riley,Coffey,Texas City,1421,781-762-3265,Electrical,2014,105
Elliott,Gross,New Orleans,1422,781-318-0277,Electrical,2014,106
Jared,Ewing,Forest Lake,1423,781-978-2145,Automotive,2013,109
Grant,Black,Newark,1424,781-261-5845,Allied Health,2012,109
Yvette,Sawyer,Wilmington,1425,781-318-6247,Cosmetology,2012,101
Zeus,Eaton,Jonesboro,1426,781-242-1224,Allied Health,2015,100
Allegra,Vance,Baldwin Park,1427,781-401-3355,Allied Health,2016,104
Athena,Gilmore,Naperville,1428,781-815-8052,Allied Health,2014,104
Robert,Cole,Newburyport,1429,781-510-6564,Precision Machining,2016,104
Oliver,Cote,Melrose,1430,781-469-2867,Graphic Communications,2015,100
Sopoline,Mcdonald,Macon,1431,781-459-0744,Precision Machining,2014,108
Marvin,Sweet,Martinsburg,1432,781-365-1214,Automotive,2015,100
Ashton,Stephens,Mandan,1433,781-942-5388,Allied Health,2012,108
Rosalyn,Butler,Weirton,1434,781-298-2741,Welding & Metal Fab,2016,109
Quon,Benson,Weirton,1435,781-417-2264,HVAC,2012,106
Kalia,Maldonado,Laramie,1436,781-653-3637,Electrical,2016,105
Echo,Cooke,Muncie,1437,781-831-3869,Computer IT,2014,106
Autumn,Sharpe,Michigan City,1438,781-580-7065,Automotive,2013,103
Cole,Key,Sunbury,1439,781-205-2807,Auto Body Collision Repair,2014,100
Mia,Hoover,Evanston,1440,781-276-3244,Electronic Engineering Technology,2014,100
Todd,Mathews,Signal Hill,1441,781-918-5516,HVAC,2014,105
Dominique,Hinton,La Crosse,1442,781-894-7526,Drafting,2014,107
Tatiana,Thornton,Eugene,1443,781-637-9827,Computer IT,2013,103
Rashad,Parrish,Roseville,1444,781-724-6172,Cosmetology,2013,102
Inga,Orr,Newport Beach,1445,781-109-8776,Cosmetology,2014,103
Preston,Potter,Bend,1446,781-103-5796,Carpentry,2016,107
Zelda,Whitaker,Hidden Hills,1447,781-436-1171,Precision Machining,2013,103
Caldwell,Tran,Concord,1448,781-988-9722,Drafting,2015,103
Shoshana,Erickson,Covina,1449,781-154-1461,Cosmetology,2012,104
Laurel,Shannon,Virginia Beach,1450,781-952-7848,Culinary Art,2014,101
Barry,Stevens,Glendale,1451,781-297-7766,Carpentry,2016,108
Stella,Stewart,Diamond Bar,1452,781-443-4376,Precision Machining,2015,102
Hayes,Mathews,Santa Clarita,1453,781-955-8472,Carpentry,2014,104
Cathleen,Wong,Frisco,1454,781-265-5235,Electronic Engineering Technology,2012,107
Bernard,Mann,Lynchburg,1455,781-819-9121,Drafting,2015,107
Katelyn,Jackson,Logan,1456,781-251-3061,Electronic Engineering Technology,2012,108
Beverly,Wheeler,Bell Gardens,1457,781-467-8120,Precision Machining,2013,100
Leilani,Copeland,Cape Girardeau,1458,781-629-6200,Precision Machining,2012,105
Winter,Norton,Laughlin,1459,781-494-9155,Electrical,2015,104
Celeste,Christian,Forrest City,1460,781-838-7931,Welding & Metal Fab,2014,104
Lewis,Stephenson,Lower Burrell,1461,781-259-3721,Electronic Engineering Technology,2013,100
Nigel,Lopez,Colorado Springs,1462,781-515-1913,Automotive,2016,100
Hedda,Heath,Union City,1463,781-968-6101,Allied Health,2014,107
acqueline,Gilbert,La Habra Heights,1464,781-424-7736,HVAC,2013,106
Cora,Johnston,New Orleans,1465,781-803-8371,Precision Machining,2015,101
Chastity,George,Lafayette,1466,781-260-4162,Graphic Communications,2013,107
Holmes,Flowers,Bismarck,1467,781-502-6468,Welding & Metal Fab,2013,100
Marsden,Stevenson,Richland,1468,781-824-2557,Auto Body Collision Repair,2012,106
Remedios,Finley,Hackensack,1469,781-953-5404,Welding & Metal Fab,2014,104
Colleen,Burnett,Kingsport,1470,781-110-8437,Auto Body Collision Repair,2013,105
Roary,Mccall,La Habra,1471,781-608-8239,Allied Health,2014,100
Nerea,Ware,Sierra Madre,1472,781-723-5782,Cosmetology,2015,101
India,Ward,Plainfield,1473,781-847-5452,Culinary Art,2016,109
Brian,Christian,Cedarburg,1474,781-382-6895,Cosmetology,2014,104
Jelani,Villarreal,Nevada City,1475,781-385-4066,Allied Health,2016,106
Vivien,Velez,Sister Bay,1476,781-132-5288,Graphic Communications,2013,102
Mona,Bush,Marquette,1477,781-810-7098,Electrical,2014,106
Ahmed,Gould,South Gate,1478,781-960-6854,Welding & Metal Fab,2014,109
Phillip,Austin,Cary,1479,781-957-9968,Precision Machining,2013,104
Maisie,Daniel,Springfield,1480,781-466-1680,Electronic Engineering Technology,2012,101
Unity,Klein,Dixon,1481,781-686-2045,Carpentry,2015,107
Sarah,Rhodes,Rocky Mount,1482,781-479-3219,Cosmetology,2012,100
Leah,Sears,Jeffersontown,1483,781-241-0284,Computer IT,2014,100
Jack,Thompson,Georgetown,1484,781-392-8779,Electronic Engineering Technology,2012,109
Mona,Buckner,Juneau,1485,781-955-4486,Drafting,2016,101
Daniel,Dominguez,Brooklyn Park,1486,781-439-1430,Electrical,2014,105
Hanae,Rocha,La Canada Flintridge,1487,781-866-0874,Computer IT,2015,100
Cruz,Green,Akron,1488,781-775-0508,Precision Machining,2012,108
Alea,Ramsey,Brea,1489,781-230-4701,Electrical,2015,103
Linda,Norris,Yonkers,1490,781-477-3485,Allied Health,2014,103
Merritt,Witt,Pocatello,1491,781-350-8202,Culinary Art,2013,105
Veronica,Hancock,Temple City,1492,781-372-9792,HVAC,2013,103
Akeem,Watts,Morgan City,1493,781-811-7500,Drafting,2012,107
Lucas,Phillips,Sault Ste. Marie,1494,781-801-8977,Electronic Engineering Technology,2013,102
Laura,May,Worland,1495,781-266-7346,Welding & Metal Fab,2012,109
Genevieve,Griffin,Rye,1496,781-870-4306,Drafting,2013,105
Zahir,Ferguson,Salt Lake City,1497,781-346-5744,Allied Health,2012,108
Chaim,Conway,McAlester,1498,781-940-9781,Computer IT,2012,108
Diana,Jackson,Steubenville,1499,781-355-4713,Precision Machining,2016,105
Melvin,Rocha,Clearwater,1500,781-789-0372,Graphic Communications,2013,109
Zane,Parks,Cruz Bay,1501,781-456-0388,Welding & Metal Fab,2012,100
Camilla,Sims,Saint Louis,1502,781-206-1785,Welding & Metal Fab,2015,100
Irma,Blankenship,Sandpoint,1503,781-728-8069,Cosmetology,2013,109
Linus,Vargas,Colorado Springs,1504,781-752-1608,Allied Health,2014,108
Graham,Mcleod,Lebanon,1505,781-483-9757,Allied Health,2016,101
Phyllis,Tyson,New Rochelle,1506,781-144-4098,Cosmetology,2012,108
Fulton,Haney,Albany,1507,781-131-8279,Culinary Art,2016,100
Buffy,Joyce,Claremore,1508,781-869-1091,Allied Health,2014,104
Ishmael,Pacheco,Vicksburg,1509,781-768-8106,Automotive,2015,102
Samuel,Paul,Richmond,1510,781-911-3810,Electrical,2016,103
Nerea,Murray,Eau Claire,1511,781-235-0029,Computer IT,2014,103
Alec,Hudson,Moreno Valley,1512,781-738-4016,Automotive,2014,105
Dexter,Carson,Knoxville,1513,781-967-9136,Drafting,2013,107
Kasimir,Hebert,Topeka,1514,781-694-8188,Drafting,2014,103
Byron,Kramer,Concord,1515,781-198-5371,Culinary Art,2015,105
Ori,Foster,Mequon,1516,781-689-7317,Cosmetology,2015,101
Samson,Holcomb,Citrus Heights,1517,781-626-3518,Culinary Art,2016,109
Oleg,Watts,Gold Beach,1518,781-374-1166,Culinary Art,2016,106
Kennan,Sutton,Santa Clarita,1519,781-976-6799,Electronic Engineering Technology,2014,102
Craig,Dickson,Batavia,1520,781-216-7047,HVAC,2012,100
Lee,White,Ruston,1521,781-849-0602,Allied Health,2015,100
Belle,Huffman,Columbia,1522,781-752-3401,Graphic Communications,2016,101
Lara,Contreras,Murfreesboro,1523,781-195-1468,Automotive,2015,103
Rashad,Hewitt,Great Falls,1524,781-934-5505,Cosmetology,2013,106
Rachel,Dominguez,Liberal,1525,781-297-9319,HVAC,2016,100
Chaim,Castro,Anaconda,1526,781-946-7619,Allied Health,2015,100
Grady,Frost,Covington,1527,781-121-2312,Automotive,2014,100
Colin,Rush,Gloversville,1528,781-843-1852,Welding & Metal Fab,2013,107
Ina,Bradshaw,Kankakee,1529,781-854-0378,Electronic Engineering Technology,2016,105
Quinn,Hawkins,Guanica,1530,781-460-7756,HVAC,2016,107
Rama,Delaney,Galveston,1531,781-918-7510,Automotive,2014,102
Lavinia,Branch,Belpre,1532,781-407-1300,Electrical,2016,103
Ivan,Lang,Ypsilanti,1533,781-902-4038,Electronic Engineering Technology,2014,104
Caryn,Olson,New Orleans,1534,781-669-0199,Culinary Art,2015,101
Raya,Sawyer,Simi Valley,1535,781-832-9086,Cosmetology,2016,108
Mason,Meadows,Anaheim,1536,781-631-3191,Graphic Communications,2015,103
Cathleen,Burris,Rome,1537,781-805-5650,Allied Health,2012,109
Blossom,Rosales,Altoona,1538,781-143-2600,Graphic Communications,2013,104
August,Gillespie,Signal Hill,1539,781-337-3173,Precision Machining,2014,100
Cole,Watts,Pittsburgh,1540,781-320-3595,Drafting,2013,109
Hilel,Bell,Saukville,1541,781-268-3556,Culinary Art,2012,107
Garrett,Melendez,Diamond Bar,1542,781-480-7999,Allied Health,2015,108
Cailin,Donovan,Little Falls,1543,781-421-7831,Electronic Engineering Technology,2013,109
Lyle,Solis,Chico,1544,781-359-4748,Welding & Metal Fab,2016,107
Brianna,Hardy,Parkersburg,1545,781-475-0663,HVAC,2016,106
Beverly,Reynolds,Bowling Green,1546,781-877-9043,Computer IT,2016,102
Igor,Hebert,Carbondale,1547,781-137-1180,Electronic Engineering Technology,2016,100
Ivana,Caldwell,Cairo,1548,781-993-3444,Automotive,2014,108
Murphy,Daugherty,Green Bay,1549,781-604-0259,Graphic Communications,2012,107
May,Sampson,Overland Park,1550,781-144-7683,Precision Machining,2015,100
Jacob,Donovan,Bismarck,1551,781-547-1241,Automotive,2013,108
Tarik,Hahn,Hawthorne,1552,781-103-5249,Carpentry,2013,102
Tashya,Whitehead,Fulton,1553,781-121-9659,Culinary Art,2016,101
Cameran,Foster,Pasco,1554,781-159-9520,Auto Body Collision Repair,2015,104
Hector,Byrd,Egg Harbor,1555,781-603-7308,Auto Body Collision Repair,2013,100
Clark,Hurst,Sturgis,1556,781-922-3350,Electrical,2016,101
Lance,Hogan,Scarborough,1557,781-678-8278,Computer IT,2013,101
Garrett,Moran,Mequon,1558,781-157-6952,Auto Body Collision Repair,2012,103
Malik,Higgins,Aliquippa,1559,781-681-9470,Carpentry,2014,100
Brett,Baxter,Hartford,1560,781-607-2478,Graphic Communications,2013,103
Venus,Roman,Costa Mesa,1561,781-822-9355,Graphic Communications,2015,109
Georgia,Sanford,Chicopee,1562,781-724-6965,Electrical,2016,101
Simone,Kirk,Lima,1563,781-523-8045,Cosmetology,2016,102
Reuben,Pitts,Taunton,1564,781-750-6051,Allied Health,2014,107
Keefe,Kirk,Bandera,1565,781-533-3010,Cosmetology,2012,101
Callum,Booker,Newton,1566,781-653-1046,Allied Health,2014,104
Lamar,Gaines,Princeton,1567,781-748-9545,Electrical,2012,101
Charity,Stanton,Pueblo,1568,781-320-8685,Allied Health,2013,103
Lionel,Bryan,Rochester,1569,781-819-0962,Computer IT,2013,109
Ingrid,Mooney,Vergennes,1570,781-982-5904,Electrical,2012,106
Wynter,Jennings,Santa Barbara,1571,781-486-8468,Precision Machining,2015,109
Buckminster,Nelson,Ephraim,1572,781-478-3268,Electronic Engineering Technology,2015,100
Colby,Cortez,Bridgeport,1573,781-199-2626,Computer IT,2012,100
Kerry,Tyson,Sioux Falls,1574,781-369-4805,Culinary Art,2012,108
Lillith,Gomez,Spokane,1575,781-848-4376,HVAC,2012,102
Macy,Buckley,Kennewick,1576,781-922-5603,HVAC,2015,106
Zena,Lynch,Isle of Palms,1577,781-166-6705,Electronic Engineering Technology,2013,102
Nicholas,Hooper,Huntington Beach,1578,781-510-5745,Graphic Communications,2012,107
Pearl,Clay,Fort Wayne,1579,781-355-9095,Computer IT,2012,107
Demetria,Shannon,Bozeman,1580,781-897-5108,Cosmetology,2013,100
Dana,Roth,Pasco,1581,781-683-9647,Graphic Communications,2015,108
Shay,Leach,Sioux Falls,1582,781-877-0546,Precision Machining,2015,100
Chantale,Abbott,Johnstown,1583,781-372-1209,Graphic Communications,2012,104
Alexis,Sexton,Gilbert,1584,781-953-1574,Graphic Communications,2013,104
Vivian,Singleton,Belleville,1585,781-584-5675,Cosmetology,2012,108
Arthur,Edwards,Watervliet,1586,781-163-0545,Graphic Communications,2015,102
Ferris,Pittman,Los Angeles,1587,781-372-3924,HVAC,2014,100
Ora,Clark,McAlester,1588,781-687-9522,Welding & Metal Fab,2014,106
Dahlia,Berry,Glendale,1589,781-153-7693,Allied Health,2015,106
Sharon,Fernandez,Brownsville,1590,781-577-7707,Allied Health,2015,108
Rudyard,Atkins,Springfield,1591,781-584-3158,Automotive,2013,100
Aretha,Hayden,Oil City,1592,781-203-9024,Automotive,2015,108
Dara,Alford,Monroe,1593,781-635-7728,Carpentry,2014,103
Xaviera,Kemp,Chino Hills,1594,781-329-5342,Welding & Metal Fab,2013,101
Hilel,Ewing,Beverly Hills,1595,781-974-9262,Precision Machining,2013,104
Thane,Benjamin,Fulton,1596,781-644-9759,Auto Body Collision Repair,2012,108
Lareina,Macias,Mayaguez,1597,781-589-4820,Graphic Communications,2016,107
Vaughan,Aguirre,Miami Beach,1598,781-613-2787,Drafting,2012,100
Noel,Thompson,Schenectady,1599,781-475-3709,Computer IT,2016,107
Ignacia,Serrano,Saukville,1600,781-897-5859,Cosmetology,2012,107
Dolan,Ellis,Brownsville,1601,781-817-2950,Automotive,2016,105
Ira,Shannon,Yazoo City,1602,781-996-1180,Welding & Metal Fab,2014,102
Harrison,Norris,DuBois,1603,781-657-1370,Automotive,2014,100
Laith,Salas,Huntington Park,1604,781-126-4981,Carpentry,2015,103
Neil,Parks,Davis,1605,781-211-7958,HVAC,2016,104
Conan,Roy,Chandler,1606,781-754-4265,Electrical,2013,107
Karen,Gillespie,New Britain,1607,781-110-2910,Culinary Art,2016,100
Keefe,Lindsay,Albany,1608,781-686-1122,Allied Health,2014,104
Flynn,Stafford,West Springfield,1609,781-370-8304,Carpentry,2016,109
Gwendolyn,Golden,Tucson,1610,781-283-5628,Welding & Metal Fab,2013,100
Velma,Bartlett,Sister Bay,1611,781-797-0362,Drafting,2015,100
Ila,Rasmussen,Newcastle,1612,781-495-3030,Cosmetology,2013,109
Quamar,Caldwell,Culver City,1613,781-892-2687,Computer IT,2014,106
Wallace,Fletcher,Cruz Bay,1614,781-660-3722,Cosmetology,2015,105
Lenore,Johnson,West Hollywood,1615,781-285-1177,Drafting,2012,103
Jack,Sampson,Nenana,1616,781-950-5007,Auto Body Collision Repair,2016,108
Keelie,White,Shelton,1617,781-301-6876,Auto Body Collision Repair,2015,100
Xyla,Vega,Alexandria,1618,781-878-3765,HVAC,2014,107
Brett,Decker,Ypsilanti,1619,781-590-5903,Drafting,2012,105
Timothy,Casey,La Palma,1620,781-671-6912,Graphic Communications,2015,107
Mohammad,Joyce,Commerce,1621,781-347-1617,Electrical,2015,103
Idola,Estes,Ithaca,1622,781-401-1533,HVAC,2014,109
Kristen,Gill,Grand Rapids,1623,781-116-5309,Computer IT,2013,100
Uma,Greer,Idaho Falls,1624,781-492-9250,HVAC,2014,100
Maggie,Guerra,Dalton,1625,781-372-1065,Graphic Communications,2014,104
Raven,Mcfarland,Hoboken,1626,781-813-4556,Culinary Art,2014,100
Walter,Horton,Seal Beach,1627,781-602-4662,HVAC,2016,107
Amela,Middleton,Hope,1628,781-504-4420,Computer IT,2016,100
Nerea,Jenkins,Mount Pleasant,1629,781-132-0065,Electronic Engineering Technology,2015,107
Carl,Fields,Hopkinsville,1630,781-903-6596,Computer IT,2016,109
Nelle,Perez,Brookings,1631,781-747-8717,Cosmetology,2014,103
Uta,Obrien,New Castle,1632,781-564-2358,Drafting,2012,107
Lamar,Morgan,Pierre,1633,781-919-8763,HVAC,2014,106
Jordan,Acevedo,Lima,1634,781-711-2782,Allied Health,2013,108
Keiko,Roberts,Jeffersontown,1635,781-230-6353,Drafting,2014,105
Kelsey,Moore,Aspen,1636,781-987-4615,Electrical,2013,101
Octavius,Conley,New London,1637,781-561-0218,HVAC,2014,100
Roary,Gibbs,Cortland,1638,781-863-5890,Computer IT,2015,103
Kelsey,Patterson,Astoria,1639,781-410-1420,Electronic Engineering Technology,2013,108
Mara,Lyons,Twin Falls,1640,781-121-6929,Electrical,2014,100
Cheyenne,Livingston,Los Angeles,1641,781-272-8318,Graphic Communications,2015,107
Dorothy,Kemp,Bismarck,1642,781-300-5557,Welding & Metal Fab,2016,101
Cade,Hopper,Agoura Hills,1643,781-817-0684,Culinary Art,2016,105
Tasha,Snyder,Suffolk,1644,781-189-1299,Automotive,2012,101
Kieran,Mccray,Palos Verdes Estates,1645,781-841-7207,Allied Health,2014,107
Colt,Gilbert,Paramount,1646,781-658-1140,Auto Body Collision Repair,2012,101
Madison,Foreman,Lexington,1647,781-971-1188,Drafting,2012,106
Cameran,Mccormick,Temple City,1648,781-170-6056,Carpentry,2013,103
Samantha,Meyers,Moore,1649,781-862-9200,HVAC,2013,106
Adena,Pope,Corry,1650,781-795-5513,Culinary Art,2015,106
Ima,Noble,Littleton,1651,781-190-0727,Automotive,2013,103
Tanek,Mccormick,Norfolk,1652,781-422-8978,Electronic Engineering Technology,2012,106
Plato,Waller,Valdosta,1653,781-121-9883,Electrical,2014,104
Cameran,Harding,Anchorage,1654,781-156-7558,Carpentry,2012,103
Brielle,Morrison,Reading,1655,781-811-9510,Computer IT,2013,102
Kalia,Sexton,Portland,1656,781-280-2471,Drafting,2013,102
Hedwig,Beard,Aguadilla,1657,781-242-6298,Precision Machining,2014,104
Regan,Navarro,Ada,1658,781-291-5017,Precision Machining,2016,109
Dara,Kirk,Gastonia,1659,781-197-8670,Precision Machining,2014,102
Dolan,Ortiz,Port Washington,1660,781-155-2093,Electronic Engineering Technology,2016,108
Wylie,Valentine,Newark,1661,781-738-0050,Allied Health,2013,109
Kimberly,Mckay,Visalia,1662,781-656-5433,Allied Health,2014,101
Chiquita,Hinton,Compton,1663,781-860-3299,Auto Body Collision Repair,2014,102
Lacota,David,Manassas Park,1664,781-466-6084,Drafting,2014,104
Tate,Faulkner,Winnemucca,1665,781-372-8972,Automotive,2014,102
Dora,Baldwin,Kalamazoo,1666,781-368-1884,Welding & Metal Fab,2014,100
Petra,Marshall,Signal Hill,1667,781-110-2155,Welding & Metal Fab,2012,107
Stewart,Marquez,Lexington,1668,781-214-9629,Carpentry,2015,103
Freya,Mckee,Lawrence,1669,781-471-2363,Graphic Communications,2015,109
Patricia,Burton,Mount Pleasant,1670,781-379-5349,Auto Body Collision Repair,2013,106
Maya,Velazquez,Seal Beach,1671,781-266-8721,Auto Body Collision Repair,2015,101
Cailin,Galloway,Dayton,1672,781-977-6657,Graphic Communications,2013,100
Rama,Miranda,Diamond Bar,1673,781-923-1561,Cosmetology,2013,104
Igor,Hyde,McAllen,1674,781-874-6366,HVAC,2013,102
Aspen,Stevens,Clarksville,1675,781-115-4612,Welding & Metal Fab,2012,106
Ralph,Blake,Pottsville,1676,781-529-5116,Welding & Metal Fab,2012,100
Deborah,Byers,Beckley,1677,781-517-3248,Allied Health,2015,107
Imelda,Gomez,Laconia,1678,781-944-2557,Precision Machining,2016,104
Frances,Allen,Sunnyvale,1679,781-665-0900,Automotive,2012,103
Nyssa,Moody,Norton,1680,781-150-3590,Drafting,2014,106
Angela,Hewitt,Modesto,1681,781-548-1052,Welding & Metal Fab,2015,104
Flavia,Simmons,Thibodaux,1682,781-624-6700,Automotive,2015,106
Kelsie,Gibson,Medford,1683,781-409-6882,Precision Machining,2015,109
Branden,Griffith,Pasadena,1684,781-302-8382,Precision Machining,2014,103
Philip,Figueroa,Alpharetta,1685,781-908-0453,Cosmetology,2016,106
Latifah,Dotson,Nome,1686,781-189-7096,Welding & Metal Fab,2013,100
Shelby,Hartman,Littleton,1687,781-130-6676,Drafting,2012,100
Carl,Velasquez,Pueblo,1688,781-427-2622,Automotive,2015,108
Joy,Hatfield,Newton,1689,781-747-9342,Precision Machining,2013,100
Macon,Mccoy,Vicksburg,1690,781-827-3631,HVAC,2015,102
Keefe,George,El Segundo,1691,781-562-1210,Welding & Metal Fab,2013,109
Murphy,Gilmore,Louisville,1692,781-397-7393,Electrical,2015,102
Hu,Glass,Florence,1693,781-861-5077,Automotive,2012,100
Desiree,Juarez,New Rochelle,1694,781-218-6414,Precision Machining,2014,107
Laurel,Huff,Peabody,1695,781-957-2034,Precision Machining,2013,108
Nyssa,Frazier,Alexandria,1696,781-687-2232,Allied Health,2016,102
Gage,Pearson,Monroe,1697,781-513-2438,Graphic Communications,2014,108
Aimee,Meyer,Healdsburg,1698,781-445-7112,Carpentry,2015,105
Candace,Pollard,Clearwater,1699,781-539-5939,Drafting,2012,100
Valentine,Hodges,Rockford,1700,781-822-9934,Drafting,2012,100
Jeremy,Hurley,Placentia,1701,781-967-8056,Precision Machining,2015,107
Geoffrey,Fernandez,El Cerrito,1702,781-342-7897,Electrical,2015,100
Callie,Rowland,Valdez,1703,781-445-7780,Welding & Metal Fab,2012,101
Xander,Green,Ada,1704,781-509-6889,HVAC,2013,101
Winifred,Hampton,Kenner,1705,781-955-8953,Allied Health,2013,109
Nayda,Richmond,Uniontown,1706,781-500-5443,Precision Machining,2013,100
Roary,Doyle,Homer,1707,781-252-9314,Computer IT,2014,107
Abdul,Booker,Calabasas,1708,781-631-4556,Precision Machining,2015,100
Bianca,Cervantes,Buena Park,1709,781-578-5891,Precision Machining,2015,100
Camille,Parrish,East Hartford,1710,781-641-7532,Culinary Art,2013,100
Juliet,Walker,Springfield,1711,781-967-0407,Electronic Engineering Technology,2016,102
Garrett,Rasmussen,Del Rio,1712,781-411-8097,HVAC,2012,104
Brent,Small,Warwick,1713,781-471-7430,Welding & Metal Fab,2012,102
Britanney,Merritt,Bentonville,1714,781-374-4638,Allied Health,2013,100
Gwendolyn,Hess,Bristol,1715,781-153-1145,Automotive,2013,105
Imani,Gibson,South Portland,1716,781-267-4085,Drafting,2015,103
Slade,Mcpherson,Fontana,1717,781-198-5266,Carpentry,2016,109
Cameron,Rowe,Titusville,1718,781-352-1152,Drafting,2014,106
Ciara,Oneill,Fort Wayne,1719,781-251-3305,Drafting,2015,106
Denton,Mitchell,Saint Joseph,1720,781-204-3775,Automotive,2013,107
Nerea,Nunez,Rancho Cucamonga,1721,781-643-9000,Drafting,2014,102
Denton,Melendez,Dunkirk,1722,781-309-0666,Computer IT,2016,107
Ezra,Warner,Shreveport,1723,781-830-0933,Allied Health,2014,103
Reese,Cleveland,Eufaula,1724,781-309-5983,Electrical,2012,108
Aimee,Boyer,Asheville,1725,781-553-3765,Welding & Metal Fab,2016,109
Porter,Coffey,Ada,1726,781-637-6482,Cosmetology,2012,107
Kyla,Lindsay,Guayama,1727,781-341-0516,Electronic Engineering Technology,2012,105
Nevada,Tucker,East Rutherford,1728,781-899-4527,Allied Health,2013,105
Halla,Burch,Rohnert Park,1729,781-922-6155,Electronic Engineering Technology,2014,107
Ivor,Sykes,Buena Park,1730,781-726-0340,Auto Body Collision Repair,2014,103
Christopher,Fuller,Clairton,1731,781-778-2609,Precision Machining,2014,100
Byron,Rocha,Statesboro,1732,781-321-4532,HVAC,2015,101
Zelda,Kline,Beaver Falls,1733,781-691-7799,Allied Health,2015,109
Geoffrey,Mcpherson,Fond du Lac,1734,781-624-6752,Automotive,2015,100
Catherine,Mccray,Little Rock,1735,781-223-5861,Drafting,2015,102
Rachel,Richard,Columbus,1736,781-952-0172,Carpentry,2015,107
Zeus,Patton,Manhattan,1737,781-637-3193,Graphic Communications,2014,103
Brian,Berry,Asbury Park,1738,781-187-0526,Culinary Art,2016,100
Ursa,Patterson,Janesville,1739,781-727-8379,Automotive,2015,107
Price,Mayo,Boulder City,1740,781-350-1249,HVAC,2015,109
Fuller,Durham,Rosemead,1741,781-784-4457,Cosmetology,2013,101
Nicole,Higgins,Grand Rapids,1742,781-311-6393,Carpentry,2015,101
Jamalia,Petty,New Kensington,1743,781-317-9502,Culinary Art,2012,102
Melinda,Le,Needham,1744,781-427-8931,Welding & Metal Fab,2013,107
Larissa,Rasmussen,Highland Park,1745,781-375-9213,Automotive,2012,102
Karly,Rogers,Stamford,1746,781-105-6799,Automotive,2014,104
Colton,Bonner,Hamilton,1747,781-526-9940,Computer IT,2016,103
Darryl,Watson,Downey,1748,781-436-6401,Auto Body Collision Repair,2015,101
Aladdin,Ayers,Wilmington,1749,781-593-7952,Electronic Engineering Technology,2013,101
Ella,Horn,Ruston,1750,781-219-1296,Electrical,2012,106
Regina,Dale,Tallahassee,1751,781-640-8980,Cosmetology,2014,105
Fletcher,Scott,Wisconsin Dells,1752,781-195-7243,Drafting,2015,106
Callum,Delacruz,Menomonee Falls,1753,781-380-5695,Welding & Metal Fab,2012,108
Penelope,Roy,Cairo,1754,781-347-4626,Graphic Communications,2014,100
Chloe,Hunt,Fort Wayne,1755,781-951-7329,Electronic Engineering Technology,2015,101
Frances,Neal,Beloit,1756,781-410-6635,Precision Machining,2014,109
Grace,George,Sherrill,1757,781-109-4708,Auto Body Collision Repair,2013,102
Sheila,Dotson,South Burlington,1758,781-376-6056,Auto Body Collision Repair,2012,109
Brynn,Morrison,Lubbock,1759,781-597-2255,Graphic Communications,2014,103
Ann,Mcmillan,Spokane,1760,781-167-1226,Precision Machining,2016,104
Keiko,Rice,Easton,1761,781-325-3843,HVAC,2016,102
Clayton,Mccarty,Oakland,1762,781-750-2225,Electrical,2013,102
Cailin,Hester,Shreveport,1763,781-930-1969,Computer IT,2015,108
Dante,Lester,Tamuning,1764,781-981-0390,Welding & Metal Fab,2013,107
Madeline,Greene,Murrieta,1765,781-293-4523,Carpentry,2013,101
Odysseus,Rice,Charlotte Amalie,1766,781-798-3344,Drafting,2012,109
Erich,Blackburn,Pembroke Pines,1767,781-348-0297,Electrical,2014,104
Thane,Griffin,Murrieta,1768,781-344-5518,HVAC,2016,106
Kirby,Bender,Forrest City,1769,781-567-4036,Computer IT,2014,100
Kelly,Keller,Davenport,1770,781-448-9414,Carpentry,2015,106
Nichole,Mitchell,Beacon,1771,781-311-8631,Auto Body Collision Repair,2012,105
Athena,Barrera,Duncan,1772,781-688-3495,Allied Health,2016,106
Paul,Dixon,Laurel,1773,781-340-3429,Cosmetology,2012,105
Destiny,Wiley,San Jose,1774,781-194-8290,Culinary Art,2014,107
Christian,Vasquez,Malibu,1775,781-400-6987,Allied Health,2015,100
Elvis,West,Lebanon,1776,781-731-9373,Welding & Metal Fab,2013,101
Abraham,Lawson,New Britain,1777,781-216-5112,HVAC,2013,107
Allistair,Howe,Pierre,1778,781-268-2144,Culinary Art,2014,106
Cody,Villarreal,Visalia,1779,781-825-8720,Computer IT,2015,102
Yoshi,Gill,Egg Harbor,1780,781-888-0788,Electronic Engineering Technology,2012,104
Yuri,Cross,Duarte,1781,781-384-2270,HVAC,2013,106
Jescie,Richards,Joliet,1782,781-298-1113,Computer IT,2012,101
Kasimir,Neal,Northampton,1783,781-392-7768,Auto Body Collision Repair,2014,101
Kennedy,Strickland,Pocatello,1784,781-508-9752,Auto Body Collision Repair,2016,100
Anne,Livingston,Nevada City,1785,781-507-0945,Allied Health,2012,104
Aidan,Schroeder,Nevada City,1786,781-976-9334,Precision Machining,2014,100
Declan,Nielsen,Narragansett,1787,781-380-2661,Precision Machining,2013,108
Peter,Carroll,Woonsocket,1788,781-269-4356,Auto Body Collision Repair,2012,101
Inez,Gould,Guayanilla,1789,781-260-9700,Graphic Communications,2013,105
Vance,Lancaster,Lawrence,1790,781-956-3995,Allied Health,2012,103
Ivory,Paul,Loudon,1791,781-590-3453,HVAC,2015,103
Daphne,Hurst,Leominster,1792,781-857-3327,Electronic Engineering Technology,2014,102
Risa,Ryan,Kennesaw,1793,781-447-6825,Welding & Metal Fab,2014,106
Zenaida,Perry,Ames,1794,781-112-8962,Carpentry,2015,108
Daniel,Carpenter,Boulder City,1795,781-666-6466,Computer IT,2013,102
Deacon,Conrad,Chattanooga,1796,781-789-0906,Welding & Metal Fab,2015,107
Zane,Copeland,Pawtucket,1797,781-749-9607,Electrical,2013,100
Shannon,Walton,Coral Springs,1798,781-759-7755,Cosmetology,2013,101
Tiger,Elliott,Sanford,1799,781-648-5402,Auto Body Collision Repair,2013,104
Raphael,Stevens,Superior,1800,781-510-4381,Welding & Metal Fab,2013,106
Vivian,Blair,Wynne,1801,781-133-8223,Culinary Art,2013,105
Galvin,Moreno,Anchorage,1802,781-506-3164,Electrical,2015,100
Herrod,Dillard,La Puente,1803,781-659-9294,Graphic Communications,2013,106
Harrison,Adkins,West Allis,1804,781-869-2838,Electrical,2014,109
Lydia,Baxter,West Hartford,1805,781-225-5244,Culinary Art,2013,109
Cameron,Hobbs,Christiansted,1806,781-380-8990,Graphic Communications,2012,107
Hammett,Lindsay,Healdsburg,1807,781-382-3236,HVAC,2012,109
Gail,Cardenas,Cary,1808,781-838-1814,Allied Health,2013,108
Xaviera,Adkins,Yuma,1809,781-109-4202,Culinary Art,2013,100
Tallulah,Powers,Ogden,1810,781-294-1042,Cosmetology,2015,107
Amity,Salinas,Rawlins,1811,781-908-8849,Graphic Communications,2013,100
Britanney,Kim,Bristol,1812,781-317-3952,Automotive,2015,102
Madeson,Pace,Woburn,1813,781-690-7410,Automotive,2013,108
Patricia,Dale,Bartlesville,1814,781-282-8524,Cosmetology,2014,108
Darryl,Bird,Laredo,1815,781-522-1523,Precision Machining,2016,104
Chandler,Mcintyre,Las Cruces,1816,781-912-1176,Carpentry,2015,107
Elvis,Daniels,Muskogee,1817,781-409-5644,Culinary Art,2014,107
Chaim,Davis,North Little Rock,1818,781-193-3196,Computer IT,2012,106
Kimberly,Saunders,Sharon,1819,781-444-5615,Precision Machining,2016,105
Cailin,Jimenez,Alexandria,1820,781-355-7331,Electronic Engineering Technology,2013,104
Latifah,Benjamin,Overland Park,1821,781-191-2424,Computer IT,2014,107
Cruz,Jennings,Highland Park,1822,781-977-5846,Culinary Art,2016,102
Athena,Travis,Paducah,1823,781-643-7977,Graphic Communications,2012,106
Boris,Shaw,Nanticoke,1824,781-767-7543,Auto Body Collision Repair,2015,107
Zephania,Bass,Paducah,1825,781-602-7984,Carpentry,2014,105
Armando,Mcbride,Lake Charles,1826,781-611-5281,Automotive,2015,107
Keane,Burton,Calumet City,1827,781-466-4210,Cosmetology,2015,107
Debra,Hahn,Rhinelander,1828,781-604-0154,Cosmetology,2015,101
Kennan,Solomon,Douglas,1829,781-759-9865,Electrical,2016,107
Murphy,Johns,Barrow,1830,781-921-4141,Drafting,2015,105
Fitzgerald,Sanders,New London,1831,781-862-4134,Computer IT,2013,102
Meghan,Bradshaw,Norman,1832,781-161-3571,Precision Machining,2012,101
Whilemina,Hutchinson,Arlington,1833,781-182-7988,Auto Body Collision Repair,2013,109
Colette,Cooke,Stafford,1834,781-530-4805,Electrical,2016,105
Aurelia,David,Malden,1835,781-254-3728,Culinary Art,2016,105
Phoebe,Suarez,Berlin,1836,781-476-4915,Cosmetology,2012,101
Cairo,Shields,Fredericksburg,1837,781-678-3686,Allied Health,2012,107
Rae,Nash,Olympia,1838,781-777-8604,Cosmetology,2012,109
Salvador,Cantrell,Healdsburg,1839,781-330-0977,Automotive,2013,107
Rhonda,Fields,Sugar Land,1840,781-537-3506,Culinary Art,2013,100
Dana,Hicks,Charlotte Amalie,1841,781-388-0075,Electronic Engineering Technology,2016,108
Brenda,Sandoval,Watertown,1842,781-708-9502,Precision Machining,2013,103
Hunter,Stein,Annapolis,1843,781-688-7674,Auto Body Collision Repair,2013,103
Rafael,Stone,Mandan,1844,781-518-9095,Culinary Art,2014,106
Teagan,Montgomery,Falls Church,1845,781-796-5710,Drafting,2013,109
Skyler,Bowers,North Chicago,1846,781-852-6154,Cosmetology,2012,106
Xaviera,Curry,Grambling,1847,781-542-3581,Auto Body Collision Repair,2015,105
Norman,Ashley,Corvallis,1848,781-408-3317,Culinary Art,2016,106
Adara,Bullock,Wausau,1849,781-974-6760,Electronic Engineering Technology,2015,104
Hedy,Rodriquez,Powell,1850,781-362-3822,Allied Health,2014,106
Libby,Stafford,Beacon,1851,781-455-7320,HVAC,2014,105
Eagan,Allison,Thousand Oaks,1852,781-655-1455,Culinary Art,2012,107
Kellie,Rollins,Winnemucca,1853,781-535-7333,Drafting,2015,102
Joy,Hale,Jersey City,1854,781-341-8202,Electrical,2016,100
Aurelia,Singleton,Newburgh,1855,781-368-7920,Auto Body Collision Repair,2016,103
Ursula,Elliott,Chicago Heights,1856,781-322-3086,HVAC,2015,104
Stone,Richards,Tallahassee,1857,781-762-6939,Auto Body Collision Repair,2013,109
David,Burks,Carson,1858,781-185-9646,Culinary Art,2013,109
Vivien,Gallagher,Mount Pleasant,1859,781-574-7858,Culinary Art,2015,106
Sara,Rodriguez,Coos Bay,1860,781-300-1367,HVAC,2014,103
Jocelyn,Potter,Gardner,1861,781-749-5218,Computer IT,2015,107
Adele,Camacho,Duarte,1862,781-675-0488,Electrical,2013,103
Brynne,Ball,Titusville,1863,781-275-2888,Auto Body Collision Repair,2013,108
Lester,Hancock,Sharon,1864,781-351-3605,Graphic Communications,2012,105
Amber,Clarke,Valencia,1865,781-646-2854,Welding & Metal Fab,2014,104
Gary,Meadows,Oro Valley,1866,781-371-2908,Carpentry,2016,100
Kristen,Michael,Santa Rosa,1867,781-111-3785,Allied Health,2016,108
Anthony,Jimenez,Montpelier,1868,781-135-5935,Culinary Art,2013,100
Mohammad,Dillon,Guayama,1869,781-211-2672,Computer IT,2012,100
Jillian,Jimenez,Chicopee,1870,781-260-8940,Carpentry,2014,100
Savannah,Daniel,Ponce,1871,781-428-8790,Graphic Communications,2012,102
Judith,Larsen,Taunton,1872,781-318-1354,HVAC,2012,108
Orson,Lloyd,Overland Park,1873,781-678-0273,HVAC,2012,101
Hedley,Bird,Nacogdoches,1874,781-913-6602,HVAC,2016,104
Haley,Noble,Chicago Heights,1875,781-683-0990,Cosmetology,2013,103
Cadman,Murphy,Kearney,1876,781-958-3200,Electrical,2013,101
Emmanuel,Dalton,Fairfield,1877,781-845-9109,Carpentry,2012,102
Keane,Yang,Altoona,1878,781-221-5443,Electronic Engineering Technology,2013,103
Hunter,Rasmussen,Redondo Beach,1879,781-389-8890,Electronic Engineering Technology,2015,101
Rebekah,Pope,Brigham City,1880,781-394-7710,Culinary Art,2015,105
Porter,Higgins,Baltimore,1881,781-922-7930,Cosmetology,2014,109
Reagan,Gibbs,Catskill,1882,781-196-8367,Automotive,2016,108
Nicole,Bender,Fountain Valley,1883,781-641-3834,Allied Health,2016,106
Rhea,Richards,Rock Island,1884,781-165-7783,Cosmetology,2015,102
Zoe,Jarvis,Lahaina,1885,781-730-5085,Carpentry,2012,100
Kylan,Bray,Montpelier,1886,781-378-2130,Electrical,2012,101
Keith,Spears,Mount Vernon,1887,781-295-6019,Automotive,2014,101
Indigo,Dominguez,Anderson,1888,781-231-6278,Automotive,2013,107
Iola,Crawford,Manitowoc,1889,781-966-3875,Precision Machining,2015,108
Sasha,Kline,Pembroke Pines,1890,781-283-6095,Allied Health,2015,101
Amal,Bradford,Danville,1891,781-989-7369,Allied Health,2012,100
Sheila,Savage,Plantation,1892,781-958-9619,Precision Machining,2013,106
Dara,Coffey,Brookings,1893,781-721-5095,Carpentry,2014,103
Gwendolyn,Dennis,St. Marys,1894,781-954-2769,Drafting,2013,102
Bruno,Barber,Butler,1895,781-954-3723,Allied Health,2013,105
Gage,Potter,Marquette,1896,781-807-9189,Drafting,2016,105
Pamela,Reilly,Los Angeles,1897,781-310-6854,Allied Health,2013,102
Jemima,Barnes,San Jose,1898,781-292-9682,Automotive,2013,108
Fitzgerald,Gillespie,West Jordan,1899,781-162-5707,Computer IT,2012,100
Yuri,Brock,Daly City,1900,781-349-5796,Cosmetology,2014,104
Abbot,Wong,Pasadena,1901,781-417-3296,Auto Body Collision Repair,2015,105
Amethyst,Faulkner,Bradbury,1902,781-385-2826,Drafting,2016,107
Mary,Barlow,Merizo,1903,781-670-6019,Carpentry,2015,102
Jaquelyn,Hewitt,Signal Hill,1904,781-924-6202,Precision Machining,2016,106
Carla,Pickett,Woburn,1905,781-131-5805,Precision Machining,2016,100
Pamela,Webster,Pass Christian,1906,781-982-1522,Auto Body Collision Repair,2012,100
Rachel,Barton,Atwater,1907,781-909-7966,Precision Machining,2016,106
Chancellor,Hyde,Laredo,1908,781-655-4653,Electronic Engineering Technology,2016,104
Illiana,Sutton,Lynn,1909,781-581-6362,Electronic Engineering Technology,2015,104
Amethyst,Tran,Woodruff,1910,781-373-7681,Welding & Metal Fab,2016,100
Dexter,Johnson,Sanford,1911,781-512-5028,Electronic Engineering Technology,2016,103
Steel,Mccray,Boston,1912,781-450-6080,Electronic Engineering Technology,2015,100
Athena,Steele,Nome,1913,781-689-5408,Allied Health,2016,105
Kyra,Durham,Carolina,1914,781-892-9885,Precision Machining,2015,102
Jasmine,Simon,Sandy,1915,781-783-2140,Drafting,2012,100
Adrian,Roach,West Hartford,1916,781-241-6293,Electronic Engineering Technology,2013,109
Rooney,Hubbard,Kingston,1917,781-744-7239,Allied Health,2016,100
Alden,Sweet,Deadwood,1918,781-111-8655,Electronic Engineering Technology,2012,105
Lawrence,Leonard,Rensselaer,1919,781-347-3393,Cosmetology,2016,102
Roanna,Collins,City of Industry,1920,781-126-5748,Graphic Communications,2013,105
Clare,Fox,Saukville,1921,781-910-7327,Electronic Engineering Technology,2014,107
Jenette,Day,Bridgeport,1922,781-155-2831,Allied Health,2013,108
Basia,Rollins,Providence,1923,781-334-7558,Electronic Engineering Technology,2013,108
Melanie,Cunningham,Atlantic City,1924,781-657-6340,Precision Machining,2016,109
Kermit,Nichols,New Rochelle,1925,781-893-5141,Automotive,2014,109
Jenette,Meadows,Orangeburg,1926,781-765-2210,Carpentry,2014,100
Stuart,Lowery,Davenport,1927,781-210-5772,Electrical,2012,104
Lacy,Blackwell,Providence,1928,781-557-3194,Culinary Art,2014,105
Alexandra,Lancaster,Hampton,1929,781-477-9744,Automotive,2016,106
Zephania,Hobbs,West Allis,1930,781-894-8482,Computer IT,2014,102
Chester,Fernandez,Westminster,1931,781-325-2640,Auto Body Collision Repair,2015,103
Carla,Trevino,Bessemer,1932,781-632-8620,Culinary Art,2013,104
Galena,Rosario,Colorado Springs,1933,781-734-9355,Electronic Engineering Technology,2014,102
Jolene,Jones,Jeffersontown,1934,781-788-0697,Graphic Communications,2016,109
Octavia,Baxter,Victoria,1935,781-241-6963,Allied Health,2015,108
Christine,Montoya,Saratoga Springs,1936,781-546-1553,Allied Health,2016,100
Xavier,Sanders,Ashland,1937,781-947-1155,Allied Health,2015,104
Jerome,Roberts,Houma,1938,781-573-4533,Electrical,2013,101
Heidi,Cortez,Rancho Palos Verdes,1939,781-581-9654,Electronic Engineering Technology,2016,108
Zeph,Parrish,Santa Rosa,1940,781-209-5270,Allied Health,2015,103
Colt,Neal,Eau Claire,1941,781-360-2384,Culinary Art,2016,108
Hadley,Finch,Hammond,1942,781-497-6698,Electronic Engineering Technology,2015,105
Emerson,Hubbard,Wichita,1943,781-637-0614,Precision Machining,2014,109
Dacey,Richards,Fajardo,1944,781-347-5971,HVAC,2012,104
Cathleen,Vang,Simi Valley,1945,781-936-2194,Welding & Metal Fab,2012,107
Cassady,Houston,Dalton,1946,781-466-5545,Electrical,2013,109
Summer,Waters,Spokane Valley,1947,781-305-4578,Automotive,2012,102
Melinda,Gilbert,Natchez,1948,781-764-6528,Computer IT,2012,101
Graiden,Conley,Battle Creek,1949,781-822-4581,Automotive,2016,106
Aline,Thompson,Ada,1950,781-791-0018,Precision Machining,2014,100
Aaron,Jacobson,Anchorage,1951,781-146-0367,Graphic Communications,2012,106
Jason,Foley,Lower Burrell,1952,781-884-8248,Computer IT,2015,108
Scott,Fields,Calabasas,1953,781-447-9727,Carpentry,2013,100
Kimberley,Mcneil,Agoura Hills,1954,781-828-6591,Computer IT,2016,108
Frances,Norris,Littleton,1955,781-395-7556,Allied Health,2013,105
Orlando,Woodard,Brookfield,1956,781-578-7430,Allied Health,2013,108
Stacy,Ballard,Alameda,1957,781-435-1366,HVAC,2013,104
Callum,Logan,Pasadena,1958,781-874-6741,Computer IT,2016,100
Kaden,Duffy,Murray,1959,781-450-5073,Computer IT,2013,106
Harriet,Gardner,Fort Dodge,1960,781-822-3487,Precision Machining,2016,103
Melvin,Barry,Oneonta,1961,781-732-0658,Cosmetology,2015,107
Wanda,Bryant,North Platte,1962,781-399-9066,Graphic Communications,2013,101
Alden,Howard,Battle Creek,1963,781-427-3346,Electronic Engineering Technology,2015,105
Wade,Mcgowan,Fargo,1964,781-593-5449,Automotive,2012,108
Darius,Marsh,Jonesboro,1965,781-929-8814,Cosmetology,2016,108
Ali,Bullock,Monroe,1966,781-523-7786,Computer IT,2015,101
Trevor,Oliver,Evansville,1967,781-260-2767,Precision Machining,2016,107
Lucian,Larsen,Lower Burrell,1968,781-636-4987,Allied Health,2016,100
Teegan,Hayden,Sacramento,1969,781-534-0996,Carpentry,2014,107
Tucker,Riley,Ann Arbor,1970,781-160-9083,Electronic Engineering Technology,2014,100
Tucker,Holmes,Kearns,1971,781-681-5615,Electronic Engineering Technology,2013,108
Miriam,Mathews,Sutter Creek,1972,781-318-2528,Culinary Art,2013,105
Slade,Sparks,Wisconsin Dells,1973,781-727-4867,Graphic Communications,2013,104
Zephania,Dudley,Norfolk,1974,781-651-4311,Welding & Metal Fab,2015,103
Malik,Cooke,La Canada Flintridge,1975,781-959-8854,Electronic Engineering Technology,2012,104
Tanner,Mayer,Modesto,1976,781-619-2331,Cosmetology,2012,103
Timothy,Clarke,Iowa City,1977,781-928-8734,HVAC,2013,109
Alisa,Pitts,Johnson City,1978,781-277-1910,Auto Body Collision Repair,2014,109
Knox,Green,Elko,1979,781-771-7459,Drafting,2015,108
Eaton,Brown,Sault Ste. Marie,1980,781-767-3990,Computer IT,2016,103
Blaine,Robinson,Warwick,1981,781-247-4552,Electrical,2016,103
Zia,Curtis,Janesville,1982,781-817-9861,Precision Machining,2015,106
September,Miller,Walnut,1983,781-342-2661,Electronic Engineering Technology,2015,103
Randall,Bernard,Idabel,1984,781-670-4497,Auto Body Collision Repair,2015,105
Nathan,Carrillo,Guayanilla,1985,781-476-2808,Computer IT,2012,103
Neve,Hewitt,Topeka,1986,781-614-3277,Culinary Art,2015,101
Abbot,Rios,Farrell,1987,781-796-4350,Automotive,2013,100
Yvette,Shepherd,Brunswick,1988,781-562-5352,Precision Machining,2014,103
Mallory,Cross,Clemson,1989,781-941-9225,Electrical,2016,100
Lacota,Farmer,Gastonia,1990,781-486-0080,Graphic Communications,2013,100
Alea,Hayes,Spartanburg,1991,781-629-1525,Automotive,2015,108
Igor,Moore,Paducah,1992,781-196-1357,Precision Machining,2016,104
Kiona,Turner,Newburgh,1993,781-963-3204,HVAC,2015,107
Joshua,Bailey,Hutchinson,1994,781-398-8948,Carpentry,2014,108
Molly,Pitts,Gilbert,1995,781-350-7541,Cosmetology,2012,101
Dora,Waters,Parker,1996,781-844-4177,HVAC,2015,106
Tanya,Bishop,Green River,1997,781-714-9117,Automotive,2015,109
Hedwig,Oneal,Hickory,1998,781-539-4320,Precision Machining,2015,107
Peter,Webb,Victoria,1999,781-158-3229,Culinary Art,2014,102

